0x60,0xA4
0x80,0xF0
0x80,0x55
0xA0,0xAA
0x60,0xA4
0x80,0xF0
0x80,0x55
0xA0,0xAA
0x60,0xA4
0x80,0xF0
0x80,0x55
0xA0,0xAA
0x60,0xA4
0x80,0xF0
0x80,0x55
0xA0,0xAA
0x60,0xA4
0x80,0xF0
0x80,0x55
0xA0,0xAA
0x60,0xA4
0x80,0xF0
0x80,0x55
0xA0,0xAA
0x60,0xA4
0x80,0xF0
0x80,0x55
0xA0,0xAA
0x60,0xA4
0x80,0xF0
0x80,0x55
0xA0,0xAA
0x60,0xA4
0x80,0xF0
0x80,0x55
0xA0,0xAA
0x60,0xA4
0x80,0xF0
0x80,0x55
0xA0,0xAA
0x60,0xA4
0x80,0xF0
0x80,0x55
0xA0,0xAA
0x60,0xA4
0x80,0xF0
0x80,0x55
0xA0,0xAA
0x60,0xA4
0x80,0xF0
0x80,0x55
0xA0,0xAA
0x60,0xA4
0x80,0xF0
0x80,0x55
0xA0,0xAA
0x60,0xA4
0x80,0xF0
0x80,0x55
0xA0,0xAA
0x60,0xA4
0x80,0xF0
0x80,0x55
0xA0,0xAA
0x60,0xA4
0x80,0xF0
0x80,0x55
0xA0,0xAA
0x60,0xA4
0x80,0xF0
0x80,0x55
0xA0,0xAA
0x60,0xA4
0x80,0xF0
0x80,0x55
0xA0,0xAA
0x60,0xA4
0x80,0xF0
0x80,0x55
0xA0,0xAA
0x60,0xA4
0x80,0xF0
0x80,0x55
0xA0,0xAA
0x60,0xA4
0x80,0xF0
0x80,0x55
0xA0,0xAA
0x60,0xA4
0x80,0xF0
0x80,0x55
0xA0,0xAA
0x60,0xA4
0x80,0xF0
0x80,0x55
0xA0,0xAA
0x60,0xA4
0x80,0xF0
0x80,0x55
0xA0,0xAA
0x60,0xA4
0x80,0xF0
0x80,0x55
0xA0,0xAA
0x60,0xA4
0x80,0xFB
0x80,0x00
0xA0,0x00
0x60,0xA4
0x80,0xF0
0x80,0x55
0xA0,0xAA
0x60,0xA4
0x80,0xF0
0x80,0x55
0xA0,0xAA
0x60,0xA4
0x80,0xF0
0x80,0x55
0xA0,0xAA
0x60,0xA4
0x80,0xF0
0x80,0x55
0xA0,0xAA
0x60,0xA4
0x80,0xF0
0x80,0x55
0xA0,0xAA
0x60,0xA4
0x80,0xF0
0x80,0x55
0xA0,0xAA
,